time,hostname,host_kernel,guest_kernel,qemu,golang,gcc,distro,notes
1669228393.1175618,thundercleese,5.19.0-23-generic,6.1.0-rc6-geb7081409f94,"['7.0.0', 'Debian 1:7.0+dfsg-7ubuntu2']",go1.19.2,12.2.0,"['Ubuntu', '22.10']",test2
1669408884.9574876,thundercleese,5.19.0-23-generic,6.1.0-rc6-geb7081409f94,"['7.0.0', 'Debian 1:7.0+dfsg-7ubuntu2']",go1.19.2,12.2.0,"['Ubuntu', '22.10']",test
1669409109.7074702,thundercleese,5.19.0-23-generic,6.1.0-rc6-geb7081409f94,"['7.0.0', 'Debian 1:7.0+dfsg-7ubuntu2']",go1.19.2,12.2.0,"['Ubuntu', '22.10']",test
1669409129.0226443,thundercleese,5.19.0-23-generic,6.1.0-rc6-geb7081409f94,"['7.0.0', 'Debian 1:7.0+dfsg-7ubuntu2']",go1.19.2,12.2.0,"['Ubuntu', '22.10']",test
1669409143.393451,thundercleese,5.19.0-23-generic,6.1.0-rc6-geb7081409f94,"['7.0.0', 'Debian 1:7.0+dfsg-7ubuntu2']",go1.19.2,12.2.0,"['Ubuntu', '22.10']",test
1669409221.916192,thundercleese,5.19.0-23-generic,6.1.0-rc6-geb7081409f94,"['7.0.0', 'Debian 1:7.0+dfsg-7ubuntu2']",go1.19.2,12.2.0,"['Ubuntu', '22.10']",test
1669409276.7537067,thundercleese,5.19.0-23-generic,6.1.0-rc6-geb7081409f94,"['7.0.0', 'Debian 1:7.0+dfsg-7ubuntu2']",go1.19.2,12.2.0,"['Ubuntu', '22.10']",test
1669409319.2686377,thundercleese,5.19.0-23-generic,6.1.0-rc6-geb7081409f94,"['7.0.0', 'Debian 1:7.0+dfsg-7ubuntu2']",go1.19.2,12.2.0,"['Ubuntu', '22.10']",test
1669409387.5010319,thundercleese,5.19.0-23-generic,6.1.0-rc6-geb7081409f94,"['7.0.0', 'Debian 1:7.0+dfsg-7ubuntu2']",go1.19.2,12.2.0,"['Ubuntu', '22.10']",test
1669409465.424742,thundercleese,5.19.0-23-generic,6.1.0-rc6-geb7081409f94,"['7.0.0', 'Debian 1:7.0+dfsg-7ubuntu2']",go1.19.2,12.2.0,"['Ubuntu', '22.10']",test
1669409530.5483263,thundercleese,5.19.0-23-generic,6.1.0-rc6-geb7081409f94,"['7.0.0', 'Debian 1:7.0+dfsg-7ubuntu2']",go1.19.2,12.2.0,"['Ubuntu', '22.10']",test
1669409545.5010135,thundercleese,5.19.0-23-generic,6.1.0-rc6-geb7081409f94,"['7.0.0', 'Debian 1:7.0+dfsg-7ubuntu2']",go1.19.2,12.2.0,"['Ubuntu', '22.10']",test
1669409692.1918292,thundercleese,5.19.0-23-generic,6.1.0-rc6-geb7081409f94,"['7.0.0', 'Debian 1:7.0+dfsg-7ubuntu2']",go1.19.2,12.2.0,"['Ubuntu', '22.10']",test
1669410558.2553928,thundercleese,5.19.0-23-generic,6.1.0-rc6-geb7081409f94,"['7.0.0', 'Debian 1:7.0+dfsg-7ubuntu2']",go1.19.2,12.2.0,"['Ubuntu', '22.10']",test
1669410794.866396,thundercleese,5.19.0-23-generic,6.1.0-rc6-geb7081409f94,"['7.0.0', 'Debian 1:7.0+dfsg-7ubuntu2']",go1.19.2,12.2.0,"['Ubuntu', '22.10']",test
1669410858.0675738,thundercleese,5.19.0-23-generic,6.1.0-rc6-geb7081409f94,"['7.0.0', 'Debian 1:7.0+dfsg-7ubuntu2']",go1.19.2,12.2.0,"['Ubuntu', '22.10']",test
1669411087.6391337,thundercleese,5.19.0-23-generic,6.1.0-rc6-geb7081409f94,"['7.0.0', 'Debian 1:7.0+dfsg-7ubuntu2']",go1.19.2,12.2.0,"['Ubuntu', '22.10']",test
1669411104.002112,thundercleese,5.19.0-23-generic,6.1.0-rc6-geb7081409f94,"['7.0.0', 'Debian 1:7.0+dfsg-7ubuntu2']",go1.19.2,12.2.0,"['Ubuntu', '22.10']",test
1669412496.957228,thundercleese,5.19.0-23-generic,6.1.0-rc6-geb7081409f94,"['7.0.0', 'Debian 1:7.0+dfsg-7ubuntu2']",go1.19.2,12.2.0,"['Ubuntu', '22.10']",test
1669412552.7985768,thundercleese,5.19.0-23-generic,6.1.0-rc6-geb7081409f94,"['7.0.0', 'Debian 1:7.0+dfsg-7ubuntu2']",go1.19.2,12.2.0,"['Ubuntu', '22.10']",test
1669412868.018117,thundercleese,5.19.0-23-generic,6.1.0-rc6-geb7081409f94,"['7.0.0', 'Debian 1:7.0+dfsg-7ubuntu2']",go1.19.2,12.2.0,"['Ubuntu', '22.10']",test
1669416406.4734874,thundercleese,5.19.0-23-generic,6.1.0-rc6-geb7081409f94,"['7.0.0', 'Debian 1:7.0+dfsg-7ubuntu2']",go1.19.2,12.2.0,"['Ubuntu', '22.10']",test
1669416488.6967578,thundercleese,5.19.0-23-generic,6.1.0-rc6-geb7081409f94,"['7.0.0', 'Debian 1:7.0+dfsg-7ubuntu2']",go1.19.2,12.2.0,"['Ubuntu', '22.10']",test
1669418205.0611112,thundercleese,5.19.0-23-generic,6.1.0-rc6-geb7081409f94,"['7.0.0', 'Debian 1:7.0+dfsg-7ubuntu2']",go1.19.2,12.2.0,"['Ubuntu', '22.10']",test
1669474785.8660383,thundercleese,5.19.0-23-generic,6.1.0-rc6-geb7081409f94,"['7.0.0', 'Debian 1:7.0+dfsg-7ubuntu2']",go1.19.2,12.2.0,"['Ubuntu', '22.10']",test
1669474882.036814,thundercleese,5.19.0-23-generic,6.1.0-rc6-geb7081409f94,"['7.0.0', 'Debian 1:7.0+dfsg-7ubuntu2']",go1.19.2,12.2.0,"['Ubuntu', '22.10']",test
1669475218.0222802,thundercleese,5.19.0-23-generic,6.1.0-rc6-geb7081409f94,"['7.0.0', 'Debian 1:7.0+dfsg-7ubuntu2']",go1.19.2,12.2.0,"['Ubuntu', '22.10']",test
1669475591.0150776,thundercleese,5.19.0-23-generic,6.1.0-rc6-geb7081409f94,"['7.0.0', 'Debian 1:7.0+dfsg-7ubuntu2']",go1.19.2,12.2.0,"['Ubuntu', '22.10']",test
1669480200.9599504,thundercleese,5.19.0-23-generic,6.1.0-rc6-geb7081409f94,"['7.0.0', 'Debian 1:7.0+dfsg-7ubuntu2']",go1.19.2,12.2.0,"['Ubuntu', '22.10']",test
1669480860.8266792,thundercleese,5.19.0-23-generic,6.1.0-rc6-geb7081409f94,"['7.0.0', 'Debian 1:7.0+dfsg-7ubuntu2']",go1.19.2,12.2.0,"['Ubuntu', '22.10']",test
1669480870.7666266,thundercleese,5.19.0-23-generic,6.1.0-rc6-geb7081409f94,"['7.0.0', 'Debian 1:7.0+dfsg-7ubuntu2']",go1.19.2,12.2.0,"['Ubuntu', '22.10']",test
1669480910.831382,thundercleese,5.19.0-23-generic,6.1.0-rc6-geb7081409f94,"['7.0.0', 'Debian 1:7.0+dfsg-7ubuntu2']",go1.19.2,12.2.0,"['Ubuntu', '22.10']",test
1669480930.1768737,thundercleese,5.19.0-23-generic,6.1.0-rc6-geb7081409f94,"['7.0.0', 'Debian 1:7.0+dfsg-7ubuntu2']",go1.19.2,12.2.0,"['Ubuntu', '22.10']",test
1669481034.980378,thundercleese,5.19.0-23-generic,6.1.0-rc6-geb7081409f94,"['7.0.0', 'Debian 1:7.0+dfsg-7ubuntu2']",go1.19.2,12.2.0,"['Ubuntu', '22.10']",test
1669481448.8946114,thundercleese,5.19.0-23-generic,6.1.0-rc6-geb7081409f94,"['7.0.0', 'Debian 1:7.0+dfsg-7ubuntu2']",go1.19.2,12.2.0,"['Ubuntu', '22.10']",test
1669481465.9352515,thundercleese,5.19.0-23-generic,6.1.0-rc6-geb7081409f94,"['7.0.0', 'Debian 1:7.0+dfsg-7ubuntu2']",go1.19.2,12.2.0,"['Ubuntu', '22.10']",test
1669481540.7968845,thundercleese,5.19.0-23-generic,6.1.0-rc6-geb7081409f94,"['7.0.0', 'Debian 1:7.0+dfsg-7ubuntu2']",go1.19.2,12.2.0,"['Ubuntu', '22.10']",test
1669481556.540117,thundercleese,5.19.0-23-generic,6.1.0-rc6-geb7081409f94,"['7.0.0', 'Debian 1:7.0+dfsg-7ubuntu2']",go1.19.2,12.2.0,"['Ubuntu', '22.10']",test
1669481577.2154293,thundercleese,5.19.0-23-generic,6.1.0-rc6-geb7081409f94,"['7.0.0', 'Debian 1:7.0+dfsg-7ubuntu2']",go1.19.2,12.2.0,"['Ubuntu', '22.10']",test
1669481610.7610147,thundercleese,5.19.0-23-generic,6.1.0-rc6-geb7081409f94,"['7.0.0', 'Debian 1:7.0+dfsg-7ubuntu2']",go1.19.2,12.2.0,"['Ubuntu', '22.10']",test
1669481700.182709,thundercleese,5.19.0-23-generic,6.1.0-rc6-geb7081409f94,"['7.0.0', 'Debian 1:7.0+dfsg-7ubuntu2']",go1.19.2,12.2.0,"['Ubuntu', '22.10']",test
1669488460.598345,thundercleese,5.19.0-23-generic,6.1.0-rc6-geb7081409f94,"['7.0.0', 'Debian 1:7.0+dfsg-7ubuntu2']",go1.19.2,12.2.0,"['Ubuntu', '22.10']",notebook test
1669488490.5606837,thundercleese,5.19.0-23-generic,6.1.0-rc6-geb7081409f94,"['7.0.0', 'Debian 1:7.0+dfsg-7ubuntu2']",go1.19.2,12.2.0,"['Ubuntu', '22.10']",notebook test
1669488511.286788,thundercleese,5.19.0-23-generic,6.1.0-rc6-geb7081409f94,"['7.0.0', 'Debian 1:7.0+dfsg-7ubuntu2']",go1.19.2,12.2.0,"['Ubuntu', '22.10']",notebook test
1669488538.0286021,thundercleese,5.19.0-23-generic,6.1.0-rc6-geb7081409f94,"['7.0.0', 'Debian 1:7.0+dfsg-7ubuntu2']",go1.19.2,12.2.0,"['Ubuntu', '22.10']",notebook test
1669488557.755869,thundercleese,5.19.0-23-generic,6.1.0-rc6-geb7081409f94,"['7.0.0', 'Debian 1:7.0+dfsg-7ubuntu2']",go1.19.2,12.2.0,"['Ubuntu', '22.10']",notebook test
1669488872.5397046,thundercleese,5.19.0-23-generic,6.1.0-rc6-geb7081409f94,"['7.0.0', 'Debian 1:7.0+dfsg-7ubuntu2']",go1.19.2,12.2.0,"['Ubuntu', '22.10']",notebook test
1669489030.2281678,thundercleese,5.19.0-23-generic,6.1.0-rc6-geb7081409f94,"['7.0.0', 'Debian 1:7.0+dfsg-7ubuntu2']",go1.19.2,12.2.0,"['Ubuntu', '22.10']",notebook test
1669489066.580427,thundercleese,5.19.0-23-generic,6.1.0-rc6-geb7081409f94,"['7.0.0', 'Debian 1:7.0+dfsg-7ubuntu2']",go1.19.2,12.2.0,"['Ubuntu', '22.10']",notebook test
1669489120.184301,thundercleese,5.19.0-23-generic,6.1.0-rc6-geb7081409f94,"['7.0.0', 'Debian 1:7.0+dfsg-7ubuntu2']",go1.19.2,12.2.0,"['Ubuntu', '22.10']",notebook test
1669489210.0998137,thundercleese,5.19.0-23-generic,6.1.0-rc6-geb7081409f94,"['7.0.0', 'Debian 1:7.0+dfsg-7ubuntu2']",go1.19.2,12.2.0,"['Ubuntu', '22.10']",notebook test
1669489237.156109,thundercleese,5.19.0-23-generic,6.1.0-rc6-geb7081409f94,"['7.0.0', 'Debian 1:7.0+dfsg-7ubuntu2']",go1.19.2,12.2.0,"['Ubuntu', '22.10']",notebook test
1669489240.0111403,thundercleese,5.19.0-23-generic,6.1.0-rc6-geb7081409f94,"['7.0.0', 'Debian 1:7.0+dfsg-7ubuntu2']",go1.19.2,12.2.0,"['Ubuntu', '22.10']",notebook test
1669489245.8634746,thundercleese,5.19.0-23-generic,6.1.0-rc6-geb7081409f94,"['7.0.0', 'Debian 1:7.0+dfsg-7ubuntu2']",go1.19.2,12.2.0,"['Ubuntu', '22.10']",notebook test
1669489611.2315483,thundercleese,5.19.0-23-generic,6.1.0-rc6-geb7081409f94,"['7.0.0', 'Debian 1:7.0+dfsg-7ubuntu2']",go1.19.2,12.2.0,"['Ubuntu', '22.10']",notebook test
1669489627.000354,thundercleese,5.19.0-23-generic,6.1.0-rc6-geb7081409f94,"['7.0.0', 'Debian 1:7.0+dfsg-7ubuntu2']",go1.19.2,12.2.0,"['Ubuntu', '22.10']",notebook test
1669489707.198964,thundercleese,5.19.0-23-generic,6.1.0-rc6-geb7081409f94,"['7.0.0', 'Debian 1:7.0+dfsg-7ubuntu2']",go1.19.2,12.2.0,"['Ubuntu', '22.10']",notebook test
1669489737.2669253,thundercleese,5.19.0-23-generic,6.1.0-rc6-geb7081409f94,"['7.0.0', 'Debian 1:7.0+dfsg-7ubuntu2']",go1.19.2,12.2.0,"['Ubuntu', '22.10']",notebook test
1669489743.7757657,thundercleese,5.19.0-23-generic,6.1.0-rc6-geb7081409f94,"['7.0.0', 'Debian 1:7.0+dfsg-7ubuntu2']",go1.19.2,12.2.0,"['Ubuntu', '22.10']",notebook test
1669489767.8296983,thundercleese,5.19.0-23-generic,6.1.0-rc6-geb7081409f94,"['7.0.0', 'Debian 1:7.0+dfsg-7ubuntu2']",go1.19.2,12.2.0,"['Ubuntu', '22.10']",notebook test
1669489770.2847898,thundercleese,5.19.0-23-generic,6.1.0-rc6-geb7081409f94,"['7.0.0', 'Debian 1:7.0+dfsg-7ubuntu2']",go1.19.2,12.2.0,"['Ubuntu', '22.10']",notebook test
1669489784.3671038,thundercleese,5.19.0-23-generic,6.1.0-rc6-geb7081409f94,"['7.0.0', 'Debian 1:7.0+dfsg-7ubuntu2']",go1.19.2,12.2.0,"['Ubuntu', '22.10']",notebook test
1669489858.9514964,thundercleese,5.19.0-23-generic,6.1.0-rc6-geb7081409f94,"['7.0.0', 'Debian 1:7.0+dfsg-7ubuntu2']",go1.19.2,12.2.0,"['Ubuntu', '22.10']",notebook test
1669489886.089482,thundercleese,5.19.0-23-generic,6.1.0-rc6-geb7081409f94,"['7.0.0', 'Debian 1:7.0+dfsg-7ubuntu2']",go1.19.2,12.2.0,"['Ubuntu', '22.10']",notebook test
1669489896.2520154,thundercleese,5.19.0-23-generic,6.1.0-rc6-geb7081409f94,"['7.0.0', 'Debian 1:7.0+dfsg-7ubuntu2']",go1.19.2,12.2.0,"['Ubuntu', '22.10']",notebook test
1669489920.9595537,thundercleese,5.19.0-23-generic,6.1.0-rc6-geb7081409f94,"['7.0.0', 'Debian 1:7.0+dfsg-7ubuntu2']",go1.19.2,12.2.0,"['Ubuntu', '22.10']",notebook test
1669489931.1552598,thundercleese,5.19.0-23-generic,6.1.0-rc6-geb7081409f94,"['7.0.0', 'Debian 1:7.0+dfsg-7ubuntu2']",go1.19.2,12.2.0,"['Ubuntu', '22.10']",notebook test
1669489956.9476542,thundercleese,5.19.0-23-generic,6.1.0-rc6-geb7081409f94,"['7.0.0', 'Debian 1:7.0+dfsg-7ubuntu2']",go1.19.2,12.2.0,"['Ubuntu', '22.10']",notebook test
1669489980.8187277,thundercleese,5.19.0-23-generic,6.1.0-rc6-geb7081409f94,"['7.0.0', 'Debian 1:7.0+dfsg-7ubuntu2']",go1.19.2,12.2.0,"['Ubuntu', '22.10']",notebook test
1669490007.273615,thundercleese,5.19.0-23-generic,6.1.0-rc6-geb7081409f94,"['7.0.0', 'Debian 1:7.0+dfsg-7ubuntu2']",go1.19.2,12.2.0,"['Ubuntu', '22.10']",notebook test
1669490016.7596097,thundercleese,5.19.0-23-generic,6.1.0-rc6-geb7081409f94,"['7.0.0', 'Debian 1:7.0+dfsg-7ubuntu2']",go1.19.2,12.2.0,"['Ubuntu', '22.10']",notebook test
1669490035.9830868,thundercleese,5.19.0-23-generic,6.1.0-rc6-geb7081409f94,"['7.0.0', 'Debian 1:7.0+dfsg-7ubuntu2']",go1.19.2,12.2.0,"['Ubuntu', '22.10']",notebook test
1669490088.508058,thundercleese,5.19.0-23-generic,6.1.0-rc6-geb7081409f94,"['7.0.0', 'Debian 1:7.0+dfsg-7ubuntu2']",go1.19.2,12.2.0,"['Ubuntu', '22.10']",notebook test
1669490098.8271942,thundercleese,5.19.0-23-generic,6.1.0-rc6-geb7081409f94,"['7.0.0', 'Debian 1:7.0+dfsg-7ubuntu2']",go1.19.2,12.2.0,"['Ubuntu', '22.10']",notebook test
1669490159.9318016,thundercleese,5.19.0-23-generic,6.1.0-rc6-geb7081409f94,"['7.0.0', 'Debian 1:7.0+dfsg-7ubuntu2']",go1.19.2,12.2.0,"['Ubuntu', '22.10']",notebook test
1669490190.3905313,thundercleese,5.19.0-23-generic,6.1.0-rc6-geb7081409f94,"['7.0.0', 'Debian 1:7.0+dfsg-7ubuntu2']",go1.19.2,12.2.0,"['Ubuntu', '22.10']",notebook test
1669490289.160942,thundercleese,5.19.0-23-generic,6.1.0-rc6-geb7081409f94,"['7.0.0', 'Debian 1:7.0+dfsg-7ubuntu2']",go1.19.2,12.2.0,"['Ubuntu', '22.10']",notebook test
1669490316.0871801,thundercleese,5.19.0-23-generic,6.1.0-rc6-geb7081409f94,"['7.0.0', 'Debian 1:7.0+dfsg-7ubuntu2']",go1.19.2,12.2.0,"['Ubuntu', '22.10']",notebook test
1669490359.0081775,thundercleese,5.19.0-23-generic,6.1.0-rc6-geb7081409f94,"['7.0.0', 'Debian 1:7.0+dfsg-7ubuntu2']",go1.19.2,12.2.0,"['Ubuntu', '22.10']",notebook test
1669490707.7131534,thundercleese,5.19.0-23-generic,6.1.0-rc6-geb7081409f94,"['7.0.0', 'Debian 1:7.0+dfsg-7ubuntu2']",go1.19.2,12.2.0,"['Ubuntu', '22.10']",notebook test
1669490789.1068144,thundercleese,5.19.0-23-generic,6.1.0-rc6-geb7081409f94,"['7.0.0', 'Debian 1:7.0+dfsg-7ubuntu2']",go1.19.2,12.2.0,"['Ubuntu', '22.10']",notebook test
1669490880.8889718,thundercleese,5.19.0-23-generic,6.1.0-rc6-geb7081409f94,"['7.0.0', 'Debian 1:7.0+dfsg-7ubuntu2']",go1.19.2,12.2.0,"['Ubuntu', '22.10']",notebook test
1669490912.4563303,thundercleese,5.19.0-23-generic,6.1.0-rc6-geb7081409f94,"['7.0.0', 'Debian 1:7.0+dfsg-7ubuntu2']",go1.19.2,12.2.0,"['Ubuntu', '22.10']",notebook test
1669491555.5696,thundercleese,5.19.0-23-generic,6.1.0-rc6-geb7081409f94,"['7.0.0', 'Debian 1:7.0+dfsg-7ubuntu2']",go1.19.2,12.2.0,"['Ubuntu', '22.10']",notebook test
1669491651.2019298,thundercleese,5.19.0-23-generic,6.1.0-rc6-geb7081409f94,"['7.0.0', 'Debian 1:7.0+dfsg-7ubuntu2']",go1.19.2,12.2.0,"['Ubuntu', '22.10']",notebook test
1669491708.470703,thundercleese,5.19.0-23-generic,6.1.0-rc6-geb7081409f94,"['7.0.0', 'Debian 1:7.0+dfsg-7ubuntu2']",go1.19.2,12.2.0,"['Ubuntu', '22.10']",notebook test
1669491790.5662992,thundercleese,5.19.0-23-generic,6.1.0-rc6-geb7081409f94,"['7.0.0', 'Debian 1:7.0+dfsg-7ubuntu2']",go1.19.2,12.2.0,"['Ubuntu', '22.10']",notebook test
1669491921.717337,thundercleese,5.19.0-23-generic,6.1.0-rc6-geb7081409f94,"['7.0.0', 'Debian 1:7.0+dfsg-7ubuntu2']",go1.19.2,12.2.0,"['Ubuntu', '22.10']",notebook test
1669492102.5421357,thundercleese,5.19.0-23-generic,6.1.0-rc6-geb7081409f94,"['7.0.0', 'Debian 1:7.0+dfsg-7ubuntu2']",go1.19.2,12.2.0,"['Ubuntu', '22.10']",
1669492129.1987042,thundercleese,5.19.0-23-generic,6.1.0-rc6-geb7081409f94,"['7.0.0', 'Debian 1:7.0+dfsg-7ubuntu2']",go1.19.2,12.2.0,"['Ubuntu', '22.10']",notebook test
1669492143.1142378,thundercleese,5.19.0-23-generic,6.1.0-rc6-geb7081409f94,"['7.0.0', 'Debian 1:7.0+dfsg-7ubuntu2']",go1.19.2,12.2.0,"['Ubuntu', '22.10']",notebook test
1669492156.0699675,thundercleese,5.19.0-23-generic,6.1.0-rc6-geb7081409f94,"['7.0.0', 'Debian 1:7.0+dfsg-7ubuntu2']",go1.19.2,12.2.0,"['Ubuntu', '22.10']",notebook test
1669493624.3743186,thundercleese,5.19.0-23-generic,6.1.0-rc6-geb7081409f94,"['7.0.0', 'Debian 1:7.0+dfsg-7ubuntu2']",go1.19.2,12.2.0,"['Ubuntu', '22.10']",notebook test
1669493657.595496,thundercleese,5.19.0-23-generic,6.1.0-rc6-geb7081409f94,"['7.0.0', 'Debian 1:7.0+dfsg-7ubuntu2']",go1.19.2,12.2.0,"['Ubuntu', '22.10']",notebook test
1669493719.0214639,thundercleese,5.19.0-23-generic,6.1.0-rc6-geb7081409f94,"['7.0.0', 'Debian 1:7.0+dfsg-7ubuntu2']",go1.19.2,12.2.0,"['Ubuntu', '22.10']",notebook test
1669493887.511763,thundercleese,5.19.0-23-generic,6.1.0-rc6-geb7081409f94,"['7.0.0', 'Debian 1:7.0+dfsg-7ubuntu2']",go1.19.2,12.2.0,"['Ubuntu', '22.10']",notebook test
1669493974.2853186,thundercleese,5.19.0-23-generic,6.1.0-rc6-geb7081409f94,"['7.0.0', 'Debian 1:7.0+dfsg-7ubuntu2']",go1.19.2,12.2.0,"['Ubuntu', '22.10']",notebook test
1669493992.0143573,thundercleese,5.19.0-23-generic,6.1.0-rc6-geb7081409f94,"['7.0.0', 'Debian 1:7.0+dfsg-7ubuntu2']",go1.19.2,12.2.0,"['Ubuntu', '22.10']",notebook test
1669501824.5519404,thundercleese,5.19.0-23-generic,6.1.0-rc6-geb7081409f94,"['7.0.0', 'Debian 1:7.0+dfsg-7ubuntu2']",go1.19.2,12.2.0,"['Ubuntu', '22.10']",notebook test
